<metadata xml:lang="en"><Esri><CreaDate>20171229</CreaDate><CreaTime>13521400</CreaTime><ArcGISFormat>1.0</ArcGISFormat><ArcGISstyle>FGDC CSDGM Metadata</ArcGISstyle><SyncOnce>FALSE</SyncOnce><DataProperties><itemProps><itemName Sync="TRUE">ACE_ds2768_aquatic_biodiversity_summary</itemName><itemLocation><linkage Sync="TRUE">file://\\LWB5CG8150WK6\C$\Users\tcarlin\California Department of Fish and Wildlife\Project-SB19-GIS - General\SB19\Ecosystem Management\ACE_aquatic_biodiversity_rank\ACE_ds2768_aquatic_biodiversity_summary\ACE_ds2768_aquatic_biodiversity_summary.shp</linkage><protocol Sync="TRUE">Local Area Network</protocol></itemLocation><nativeExtBox><westBL Sync="TRUE">-373987.932700</westBL><eastBL Sync="TRUE">540082.750000</eastBL><southBL Sync="TRUE">-604495.794300</southBL><northBL Sync="TRUE">450023.161700</northBL><exTypeCode Sync="TRUE">1</exTypeCode></nativeExtBox><imsContentType Sync="TRUE">002</imsContentType><itemSize Sync="TRUE">0.000</itemSize></itemProps><coordRef><type Sync="TRUE">Projected</type><geogcsn Sync="TRUE">GCS_North_American_1983</geogcsn><csUnits Sync="TRUE">Linear Unit: Meter (1.000000)</csUnits><peXml Sync="TRUE">&lt;ProjectedCoordinateSystem xsi:type='typens:ProjectedCoordinateSystem' xmlns:xsi='http://www.w3.org/2001/XMLSchema-instance' xmlns:xs='http://www.w3.org/2001/XMLSchema' xmlns:typens='http://www.esri.com/schemas/ArcGIS/2.6.0'&gt;&lt;WKT&gt;PROJCS[&amp;quot;NAD_1983_California_Teale_Albers&amp;quot;,GEOGCS[&amp;quot;GCS_North_American_1983&amp;quot;,DATUM[&amp;quot;D_North_American_1983&amp;quot;,SPHEROID[&amp;quot;GRS_1980&amp;quot;,6378137.0,298.257222101]],PRIMEM[&amp;quot;Greenwich&amp;quot;,0.0],UNIT[&amp;quot;Degree&amp;quot;,0.0174532925199433]],PROJECTION[&amp;quot;Albers&amp;quot;],PARAMETER[&amp;quot;False_Easting&amp;quot;,0.0],PARAMETER[&amp;quot;False_Northing&amp;quot;,-4000000.0],PARAMETER[&amp;quot;Central_Meridian&amp;quot;,-120.0],PARAMETER[&amp;quot;Standard_Parallel_1&amp;quot;,34.0],PARAMETER[&amp;quot;Standard_Parallel_2&amp;quot;,40.5],PARAMETER[&amp;quot;Latitude_Of_Origin&amp;quot;,0.0],UNIT[&amp;quot;Meter&amp;quot;,1.0],AUTHORITY[&amp;quot;EPSG&amp;quot;,3310]]&lt;/WKT&gt;&lt;XOrigin&gt;-16909700&lt;/XOrigin&gt;&lt;YOrigin&gt;-8597000&lt;/YOrigin&gt;&lt;XYScale&gt;266332319.7555542&lt;/XYScale&gt;&lt;ZOrigin&gt;-100000&lt;/ZOrigin&gt;&lt;ZScale&gt;10000&lt;/ZScale&gt;&lt;MOrigin&gt;-100000&lt;/MOrigin&gt;&lt;MScale&gt;10000&lt;/MScale&gt;&lt;XYTolerance&gt;0.001&lt;/XYTolerance&gt;&lt;ZTolerance&gt;0.001&lt;/ZTolerance&gt;&lt;MTolerance&gt;0.001&lt;/MTolerance&gt;&lt;HighPrecision&gt;true&lt;/HighPrecision&gt;&lt;WKID&gt;3310&lt;/WKID&gt;&lt;LatestWKID&gt;3310&lt;/LatestWKID&gt;&lt;/ProjectedCoordinateSystem&gt;</peXml><projcsn Sync="TRUE">NAD_1983_California_Teale_Albers</projcsn></coordRef><lineage><Process ToolSource="c:\program files\arcgis\pro\Resources\ArcToolbox\toolboxes\Conversion Tools.tbx\FeatureClassToFeatureClass" Date="20210120" Time="043252">FeatureClassToFeatureClass ds2768 "C:\Users\tcarlin\California Department of Fish and Wildlife\Project-SB19-GIS - General\SB19\Ecosystem Management\ACE_aquatic_biodiversity_rank\ACE_ds2768_aquatic_biodiversity_summary" ACE_ds2768_aquatic_biodiversity_summary.shp # "HUC12 "HUC12" true true false 12 Text 0 0,First,#,ds2768,HUC12,0,12;Name "Name" true true false 120 Text 0 0,First,#,ds2768,Name,0,120;BioAqRankSW "Aquatic Biodiversity Rank" true true false 4 Long 0 0,First,#,ds2768,BioAqRankSW,-1,-1;BioAqSumSW "Aquatic Biodiversity Weight" true true false 8 Double 0 0,First,#,ds2768,BioAqSumSW,-1,-1;NtvAqRankSW "Native Aquatic Species Rank" true true false 4 Long 0 0,First,#,ds2768,NtvAqRankSW,-1,-1;NtvAqSumSW "Native Aquatic Species Weight" true true false 8 Double 0 0,First,#,ds2768,NtvAqSumSW,-1,-1;RarAqRankSW "Rare Aquatic Species Rank" true true false 4 Long 0 0,First,#,ds2768,RarAqRankSW,-1,-1;RarAqSumSW "Rare Aquatic Species Weight" true true false 8 Double 0 0,First,#,ds2768,RarAqSumSW,-1,-1;RwiAqRankSW "Aquatic Irreplaceability Rank" true true false 4 Long 0 0,First,#,ds2768,RwiAqRankSW,-1,-1;RwiAqMaxSW "Aquatic Irreplaceability" true true false 8 Double 0 0,First,#,ds2768,RwiAqMaxSW,-1,-1;NtvFish "Native Fish Count" true true false 4 Long 0 0,First,#,ds2768,NtvFish,-1,-1;NtvAqInvt "Native Aquatic Invertebrate Count" true true false 4 Long 0 0,First,#,ds2768,NtvAqInvt,-1,-1;NtvAqAmph "Native Aquatic Amphibian Count" true true false 4 Long 0 0,First,#,ds2768,NtvAqAmph,-1,-1;NtvAqRept "Native Aquatic Reptile Count" true true false 4 Long 0 0,First,#,ds2768,NtvAqRept,-1,-1;RarFish "Rare Fish Count" true true false 4 Long 0 0,First,#,ds2768,RarFish,-1,-1;RarAqAmph "Rare Aquatic Amphibian Count" true true false 4 Long 0 0,First,#,ds2768,RarAqAmph,-1,-1;RarAqRept "Rare Aquatic Reptile Count" true true false 4 Long 0 0,First,#,ds2768,RarAqRept,-1,-1;RwiAqFishSWNorm "Fish Irreplaceability" true true false 4 Float 0 0,First,#,ds2768,RwiAqFishSWNorm,-1,-1;RwiAqAmphSWNorm "Aquatic Amphibian Irreplaceability" true true false 4 Float 0 0,First,#,ds2768,RwiAqAmphSWNorm,-1,-1;RwiAqReptSWNorm "Aquatic Reptile Irreplaceability" true true false 4 Float 0 0,First,#,ds2768,RwiAqReptSWNorm,-1,-1;Shape_Length "Shape_Length" false true true 8 Double 0 0,First,#,ds2768,Shape_Length,-1,-1;Shape_Area "Shape_Area" false true true 8 Double 0 0,First,#,ds2768,Shape_Area,-1,-1" #</Process></lineage><LayerFile>{"type":"CIMLayerDocument","version":"2.6.0","build":24783,"layers":["CIMPATH=map/ace_ds2768_aquatic_biodiversity_summary.xml"],"layerDefinitions":[{"type":"CIMFeatureLayer","name":"ACE_ds2768_aquatic_biodiversity_summary","uRI":"CIMPATH=map/ace_ds2768_aquatic_biodiversity_summary.xml","sourceModifiedTime":{"type":"TimeInstant"},"useSourceMetadata":true,"description":"ACE_ds2768_aquatic_biodiversity_summary","layerElevation":{"type":"CIMLayerElevationSurface","mapElevationID":"{81619F03-DC4B-4760-ADBA-2583BE06CBA3}"},"expanded":true,"layerType":"Operational","showLegends":true,"visibility":true,"displayCacheType":"Permanent","maxDisplayCacheAge":5,"showPopups":true,"serviceLayerID":-1,"refreshRate":-1,"refreshRateUnit":"esriTimeUnitsSeconds","autoGenerateFeatureTemplates":true,"featureElevationExpression":"0","featureTable":{"type":"CIMFeatureTable","displayField":"Name","editable":true,"dataConnection":{"type":"CIMStandardDataConnection","workspaceConnectionString":"DATABASE=..\\..\\..\\..\\California Department of Fish and Wildlife\\Project-SB19-GIS - General\\SB19\\Ecosystem Management\\ACE_aquatic_biodiversity_rank\\ACE_ds2768_aquatic_biodiversity_summary","workspaceFactory":"Shapefile","dataset":"ACE_ds2768_aquatic_biodiversity_summary","datasetType":"esriDTFeatureClass"},"studyAreaSpatialRel":"esriSpatialRelUndefined","searchOrder":"esriSearchOrderSpatial"},"htmlPopupEnabled":true,"selectable":true,"featureCacheType":"Session","displayFiltersType":"ByScale","labelClasses":[{"type":"CIMLabelClass","expression":"$feature.Name","expressionEngine":"Arcade","featuresToLabel":"AllVisibleFeatures","maplexLabelPlacementProperties":{"type":"CIMMaplexLabelPlacementProperties","featureType":"Polygon","avoidPolygonHoles":true,"canOverrunFeature":true,"canPlaceLabelOutsidePolygon":true,"canRemoveOverlappingLabel":true,"canStackLabel":true,"connectionType":"Unambiguous","constrainOffset":"NoConstraint","contourAlignmentType":"Page","contourLadderType":"Straight","contourMaximumAngle":90,"enableConnection":true,"featureWeight":0,"fontHeightReductionLimit":4,"fontHeightReductionStep":0.5,"fontWidthReductionLimit":90,"fontWidthReductionStep":5,"graticuleAlignmentType":"Straight","keyNumberGroupName":"Default","labelBuffer":15,"labelLargestPolygon":true,"labelPriority":-1,"labelStackingProperties":{"type":"CIMMaplexLabelStackingProperties","stackAlignment":"ChooseBest","maximumNumberOfLines":3,"minimumNumberOfCharsPerLine":3,"maximumNumberOfCharsPerLine":24,"separators":[{"type":"CIMMaplexStackingSeparator","separator":" ","splitAfter":true},{"type":"CIMMaplexStackingSeparator","separator":",","visible":true,"splitAfter":true}]},"lineFeatureType":"General","linePlacementMethod":"OffsetCurvedFromLine","maximumLabelOverrun":80,"maximumLabelOverrunUnit":"Point","minimumFeatureSizeUnit":"Map","multiPartOption":"OneLabelPerPart","offsetAlongLineProperties":{"type":"CIMMaplexOffsetAlongLineProperties","placementMethod":"BestPositionAlongLine","labelAnchorPoint":"CenterOfLabel","distanceUnit":"Percentage","useLineDirection":true},"pointExternalZonePriorities":{"type":"CIMMaplexExternalZonePriorities","aboveLeft":4,"aboveCenter":2,"aboveRight":1,"centerRight":3,"belowRight":5,"belowCenter":7,"belowLeft":8,"centerLeft":6},"pointPlacementMethod":"AroundPoint","polygonAnchorPointType":"GeometricCenter","polygonBoundaryWeight":0,"polygonExternalZones":{"type":"CIMMaplexExternalZonePriorities","aboveLeft":4,"aboveCenter":2,"aboveRight":1,"centerRight":3,"belowRight":5,"belowCenter":7,"belowLeft":8,"centerLeft":6},"polygonFeatureType":"General","polygonInternalZones":{"type":"CIMMaplexInternalZonePriorities","center":1},"polygonPlacementMethod":"HorizontalInPolygon","primaryOffset":1,"primaryOffsetUnit":"Point","removeExtraWhiteSpace":true,"repetitionIntervalUnit":"Point","rotationProperties":{"type":"CIMMaplexRotationProperties","rotationType":"Arithmetic","alignmentType":"Straight"},"secondaryOffset":100,"strategyPriorities":{"type":"CIMMaplexStrategyPriorities","stacking":1,"overrun":2,"fontCompression":3,"fontReduction":4,"abbreviation":5},"thinningDistanceUnit":"Point","truncationMarkerCharacter":".","truncationMinimumLength":1,"truncationPreferredCharacters":"aeiou","truncationExcludedCharacters":"0123456789"},"name":"Class 1","priority":-1,"standardLabelPlacementProperties":{"type":"CIMStandardLabelPlacementProperties","featureType":"Line","featureWeight":"Low","labelWeight":"High","numLabelsOption":"OneLabelPerName","lineLabelPosition":{"type":"CIMStandardLineLabelPosition","above":true,"inLine":true,"parallel":true},"lineLabelPriorities":{"type":"CIMStandardLineLabelPriorities","aboveStart":3,"aboveAlong":3,"aboveEnd":3,"centerStart":3,"centerAlong":3,"centerEnd":3,"belowStart":3,"belowAlong":3,"belowEnd":3},"pointPlacementMethod":"AroundPoint","pointPlacementPriorities":{"type":"CIMStandardPointPlacementPriorities","aboveLeft":2,"aboveCenter":2,"aboveRight":1,"centerLeft":3,"centerRight":2,"belowLeft":3,"belowCenter":3,"belowRight":2},"rotationType":"Arithmetic","polygonPlacementMethod":"AlwaysHorizontal"},"textSymbol":{"type":"CIMSymbolReference","symbol":{"type":"CIMTextSymbol","blockProgression":"TTB","depth3D":1,"extrapolateBaselines":true,"fontEffects":"Normal","fontEncoding":"Unicode","fontFamilyName":"Tahoma","fontStyleName":"Regular","fontType":"Unspecified","haloSize":1,"height":10,"hinting":"Default","horizontalAlignment":"Left","kerning":true,"letterWidth":100,"ligatures":true,"lineGapType":"ExtraLeading","symbol":{"type":"CIMPolygonSymbol","symbolLayers":[{"type":"CIMSolidFill","enable":true,"color":{"type":"CIMRGBColor","values":[0,0,0,100]}}]},"textCase":"Normal","textDirection":"LTR","verticalAlignment":"Bottom","verticalGlyphOrientation":"Right","wordSpacing":100,"billboardMode3D":"FaceNearPlane"}},"useCodedValue":true,"visibility":true,"iD":-1}],"renderer":{"type":"CIMSimpleRenderer","patch":"Default","symbol":{"type":"CIMSymbolReference","symbol":{"type":"CIMPolygonSymbol","symbolLayers":[{"type":"CIMSolidStroke","enable":true,"capStyle":"Round","joinStyle":"Round","lineStyle3D":"Strip","miterLimit":10,"width":0.69999999999999996,"color":{"type":"CIMRGBColor","values":[110,110,110,100]}},{"type":"CIMSolidFill","enable":true,"color":{"type":"CIMRGBColor","values":[168.300000000000011,133.960000000000008,53.8599999999999994,100]}}]}}},"scaleSymbols":true,"snappable":true}]}</LayerFile></DataProperties><SyncDate>20210120</SyncDate><SyncTime>04325000</SyncTime><ModDate>20210120</ModDate><ModTime>04325000</ModTime><scaleRange><minScale>150000000</minScale><maxScale>5000</maxScale></scaleRange><ArcGISProfile>FGDC</ArcGISProfile></Esri><mdContact><editorSource>external</editorSource><editorDigest>e37d4dc9a661318e072db4c9140c580</editorDigest><rpIndName>Melanie Gogol-Prokurat</rpIndName><rpOrgName>California Department of Fish and Wildlife</rpOrgName><rpPosName>Conservation Analysis Unit Coordinator</rpPosName><rpCntInfo><cntPhone><voiceNum>(916) 324-9265</voiceNum></cntPhone><cntAddress><eMailAdd>melanie.gogol-prokurat@wildlife.ca.gov</eMailAdd></cntAddress></rpCntInfo><editorSave>True</editorSave><displayName>Melanie Gogol-Prokurat</displayName><role><RoleCd value="007"/></role></mdContact><distInfo xmlns=""><distTranOps xmlns=""><onLineSrc xmlns=""><linkage>https://www.wildlife.ca.gov/Data/BIOS</linkage><orFunct><OnFunctCd value="002"/></orFunct></onLineSrc><onLineSrc xmlns=""><linkage>https://map.dfg.ca.gov/ace/</linkage><orFunct><OnFunctCd value="002"/></orFunct></onLineSrc><onLineSrc xmlns=""><linkage>ftp://ftp.wildlife.ca.gov/BDB/GIS/BIOS/Public_Datasets/2700_2799/ds2768.zip</linkage><orFunct><OnFunctCd value="001"/></orFunct></onLineSrc><transSize Sync="TRUE">0.000</transSize></distTranOps><distFormat xmlns=""><formatName Sync="TRUE">Shapefile</formatName></distFormat></distInfo><dataIdInfo><idCitation><resTitle Sync="FALSE">Aquatic Biodiversity Summary - ACE [ds2768]</resTitle><date><pubDate>2017-10-26T00:00:00</pubDate></date><citRespParty><editorSource>external</editorSource><editorDigest>b547c26e1f1334635bd7870adb9de501</editorDigest><rpOrgName>California Department of Fish and Wildlife</rpOrgName><editorSave>True</editorSave><displayName>California Department of Fish and Wildlife</displayName><role><RoleCd value="006"/></role></citRespParty><citRespParty><editorSource>external</editorSource><editorDigest>e37d4dc9a661318e072db4c9140c580</editorDigest><rpIndName>Melanie Gogol-Prokurat</rpIndName><rpOrgName>California Department of Fish and Wildlife</rpOrgName><rpPosName>Conservation Analysis Unit Coordinator</rpPosName><rpCntInfo><cntPhone><voiceNum>(916) 324-9265</voiceNum></cntPhone><cntAddress><eMailAdd>melanie.gogol-prokurat@wildlife.ca.gov</eMailAdd></cntAddress></rpCntInfo><editorSave>True</editorSave><displayName>Melanie Gogol-Prokurat</displayName><role><RoleCd value="007"/></role></citRespParty><presForm><PresFormCd value="005" Sync="TRUE"/></presForm></idCitation><dataChar><CharSetCd value="004"/></dataChar><suppInfo>See the ACE Technical Report for a detailed description of data inputs and analyses at https://nrmsecure.dfg.ca.gov/FileHandler.ashx?DocumentID=24326. </suppInfo><searchKeys><keyword>aquatic</keyword><keyword>biodiversity</keyword><keyword>native</keyword><keyword>richness</keyword><keyword>rare</keyword><keyword>rarity</keyword><keyword>endemic</keyword><keyword>sensitive habitat</keyword><keyword>ACE</keyword><keyword>riparian</keyword><keyword>wetland</keyword><keyword>fish</keyword><keyword>invertebrate</keyword><keyword>reptile</keyword><keyword>amphibian</keyword></searchKeys><themeKeys><keyword>terrestrial, biodiversity, native, richness, rare, rarity, endemic, sensitive haibtat, ACE, riparian, wetland, rare natural community, game, bird, reptile, amphibian, mammal, plant</keyword></themeKeys><placeKeys><keyword>California</keyword></placeKeys><resMaint><maintFreq><MaintFreqCd value="012"/></maintFreq></resMaint><idPoC><editorSource>external</editorSource><editorDigest>e37d4dc9a661318e072db4c9140c580</editorDigest><rpIndName>Melanie Gogol-Prokurat</rpIndName><rpOrgName>California Department of Fish and Wildlife</rpOrgName><rpPosName>Conservation Analysis Unit Coordinator</rpPosName><rpCntInfo><cntPhone><voiceNum>(916) 324-9265</voiceNum></cntPhone><cntAddress><eMailAdd>melanie.gogol-prokurat@wildlife.ca.gov</eMailAdd></cntAddress></rpCntInfo><editorSave>True</editorSave><displayName>Melanie Gogol-Prokurat</displayName><role><RoleCd value="007"/></role></idPoC><idPurp>Aquatic Biodiversity Summary, Areas of Conservation Emphasis (ACE), version 3.0.

The Aquatic Biodiversity Summary is a compilation of the best available information on aquatic species biodiversity in California, including aquatic amphibians, fish, aquatic invertebrates, and aquatic reptiles, for the California Department of Fish and Wildlife (CDFW) Areas of Conservation Emphasis Project (ACE). It is one component, together with Terrestrial Biodiversity, of overall species biodiversity in California. The aquatic biodiversity summary combines the three measures of biodiversity developed for ACE into a single metric: 1) aquatic native species richness, which represents overall native diversity of all species in the state, both common and rare; 2) aquatic rare species richness, which represents diversity of rare species; and, 3) aquatic irreplaceability, which is a weighted measure of rarity and endemism. The data can be used to view patterns of overall species diversity, and identify areas of highest biodiversity across the state, taking into account common, rare, and rare endemic species. Users can view a list of species that contribute to the biodiversity measures for each watershed. 

The aquatic biodiversity summary is a sum of values normalized by taxonomic group, so that areas of highest diversity for each taxonomic group contribute equally to the final map. </idPurp><idAbs>&lt;DIV STYLE="text-align:Left;"&gt;&lt;DIV&gt;&lt;DIV&gt;&lt;P STYLE="margin:0 0 7 0;"&gt;&lt;SPAN&gt;&lt;SPAN&gt;For more information, see the Aquatic Biodiversity Index Factsheet at &lt;/SPAN&gt;&lt;A href="https://nrm.dfg.ca.gov/FileHandler.ashx?DocumentID=150856"&gt;&lt;SPAN&gt;https://nrm.dfg.ca.gov/FileHandler.ashx?DocumentID=150856&lt;/SPAN&gt;&lt;/A&gt;&lt;SPAN&gt;.&lt;/SPAN&gt;&lt;/SPAN&gt;&lt;/P&gt;&lt;P STYLE="margin:0 0 7 0;"&gt;&lt;SPAN&gt;&lt;SPAN&gt;The California Department of Fish and Wildlife’s (CDFW) Areas of Conservation Emphasis (ACE) is a compilation and analysis of the best-available statewide spatial information in California on biodiversity, rarity and endemism, harvested species, significant habitats, connectivity and wildlife movement, climate vulnerability, climate refugia, and other relevant data (e.g., other conservation priorities such as those identified in the State Wildlife Action Plan (SWAP), stressors, land ownership). ACE addresses both terrestrial and aquatic data. The ACE model combines and analyzes terrestrial information in a 2.5 square mile hexagon grid and aquatic information at the HUC12 watershed level across the state to produce a series of maps for use in non-regulatory evaluation of conservation priorities in California. The model addresses as many of CDFWs statewide conservation and recreational mandates as feasible using high quality data sources. High value areas statewide and in each USDA Ecoregion were identified. The ACE maps and data can be viewed in the ACE online map viewer, or downloaded for use in ArcGIS. For more detailed information see &lt;/SPAN&gt;&lt;/SPAN&gt;&lt;A href="https://www.wildlife.ca.gov/Data/Analysis/ACE"&gt;&lt;SPAN&gt;&lt;SPAN&gt;https://www.wildlife.ca.gov/Data/Analysis/ACE&lt;/SPAN&gt;&lt;/SPAN&gt;&lt;/A&gt;&lt;SPAN&gt; and &lt;/SPAN&gt;&lt;A href="https://nrm.dfg.ca.gov/FileHandler.ashx?DocumentID=24326"&gt;&lt;SPAN&gt;&lt;SPAN&gt;https://nrm.dfg.ca.gov/FileHandler.ashx?DocumentID=24326&lt;/SPAN&gt;&lt;/SPAN&gt;&lt;/A&gt;&lt;SPAN&gt;.&lt;/SPAN&gt;&lt;/P&gt;&lt;/DIV&gt;&lt;/DIV&gt;&lt;/DIV&gt;</idAbs><idCredit>ACE 3 Working Group and ACE 3 Development Team, California Department of Fish and Wildlife. 
Scripting and GIS data product development: Ryan Hill, Sandra Hill, and Melanie Gogol-Prokurat.

ACE 3 conceptual model and source data development: Melanie Gogol-Prokurat, Sandra Hill, Diane Mastalir, Kristi Cripe, Dan Applebee, Janet Brewster, Kristina White, Patrick McIntyre, Todd Keeler-Wolf, Lisa Ohara, Steve Goldman, Peter Ode, Whitney Albright, Ryan Hill, and Karen Miner.

Multiple datasets were compiled and analyzed in the development of ACE, including but not limited to California Wildlife Habitat Relationship (CWHR) species ranges and distribution models, California Natural Diversity Database (CNDDB) and other Biogeographic Information and Observation System (BIOS) rare species occurrence data, and Vegetation Classification and Mapping Program (VegCAMP) vegetation maps/landcover data. A full list of the datasets included in the ACE analysis is included in the technical report: https://nrm.dfg.ca.gov/FileHandler.ashx?DocumentID=24326.</idCredit><resConst><Consts><useLimit>&lt;DIV STYLE="text-align:Left;"&gt;&lt;DIV&gt;&lt;DIV&gt;&lt;P STYLE="margin:0 0 7 0;"&gt;&lt;SPAN&gt;&lt;SPAN&gt;The ACE data is subject to certain assumptions and limitations that must be considered in any use or application of the data. All ACE data layers are limited by the accuracy and scale of the input data. ACE is a compilation of the best available scientific information; however, many of these datasets are not comprehensive across the landscape, may change over time, and should be revised and improved as new data become available. &lt;/SPAN&gt;&lt;/SPAN&gt;&lt;/P&gt;&lt;P STYLE="margin:0 0 7 0;"&gt;&lt;SPAN&gt;&lt;SPAN&gt;The user accepts sole responsibility for the correct interpretation and use of these data, and agrees not to misrepresent these data. CDFW makes no warranty of any kind regarding these data, express or implied. By downloading these datasets, the user understands that these data are in draft condition and subject to change at any time as new information becomes available. The user will not seek to hold the State or the Department liable under any circumstances for any damages with respect to any claim by the user or any third party on account of or arising from the use of data or maps. CDFW reserves the right to modify or replace these datasets without notification.&lt;/SPAN&gt;&lt;/SPAN&gt;&lt;/P&gt;&lt;P STYLE="margin:0 0 7 0;"&gt;&lt;SPAN&gt;&lt;SPAN&gt;The ACE maps display biological and recreational values based on available data and constrained by the limitations of the data. The values may be influenced by level of survey effort in a given area. The ACE data represent broad-scale patterns across the landscape, and the value of any single watershed should be interpreted with caution. ACE is a decision-support tool to be used in conjunction with species-specific information and local-scale conservation prioritization analyses.&lt;/SPAN&gt;&lt;/SPAN&gt;&lt;/P&gt;&lt;P STYLE="margin:0 0 7 0;"&gt;&lt;SPAN&gt;The ACE maps do not replace the need for site-specific evaluation of biological resources and should not be used as the sole measure of conservation priority during planning. No statement or dataset shall by itself be considered an official response from a state agency regarding impacts to wildlife resulting from a management action subject to the California Environmental Quality Act (CEQA).&lt;/SPAN&gt;&lt;/P&gt;&lt;/DIV&gt;&lt;/DIV&gt;&lt;/DIV&gt;</useLimit></Consts></resConst><envirDesc Sync="TRUE">Microsoft Windows 10 Version 10.0 (Build 16299) ; Esri ArcGIS 12.6.3.24783</envirDesc><dataLang><languageCode value="eng" Sync="TRUE"/><countryCode value="USA" Sync="TRUE"/></dataLang><spatRpType><SpatRepTypCd value="001" Sync="TRUE"/></spatRpType><dataExt><geoEle xmlns=""><GeoBndBox esriExtentType="search"><exTypeCode Sync="TRUE">1</exTypeCode><westBL Sync="TRUE">-124.506169</westBL><eastBL Sync="TRUE">-113.497869</eastBL><northBL Sync="TRUE">42.068507</northBL><southBL Sync="TRUE">32.423754</southBL></GeoBndBox></geoEle></dataExt><tpCat><TopicCatCd value="002"/></tpCat><tpCat><TopicCatCd value="007"/></tpCat></dataIdInfo><mdMaint><maintFreq><MaintFreqCd value="012"/></maintFreq></mdMaint><eainfo><detailed Name="ACE_ds2768_aquatic_biodiversity_summary" xmlns=""><enttyp><enttypl Sync="TRUE">ACE_ds2768_aquatic_biodiversity_summary</enttypl><enttypt Sync="TRUE">Feature Class</enttypt><enttypc Sync="TRUE">0</enttypc></enttyp><attr><attrlabl Sync="TRUE">FID</attrlabl><attalias Sync="TRUE">FID</attalias><attrtype Sync="TRUE">OID</attrtype><attwidth Sync="TRUE">4</attwidth><atprecis Sync="TRUE">0</atprecis><attscale Sync="TRUE">0</attscale><attrdef Sync="TRUE">Internal feature number.</attrdef><attrdefs Sync="TRUE">Esri</attrdefs><attrdomv><udom Sync="TRUE">Sequential unique whole numbers that are automatically generated.</udom></attrdomv></attr><attr xmlns=""><attrlabl Sync="TRUE">Shape</attrlabl><attalias Sync="TRUE">Shape</attalias><attrtype Sync="TRUE">Geometry</attrtype><attwidth Sync="TRUE">0</attwidth><atprecis Sync="TRUE">0</atprecis><attscale Sync="TRUE">0</attscale><attrdef Sync="TRUE">Feature geometry.</attrdef><attrdefs Sync="TRUE">ESRI</attrdefs><attrdomv><udom Sync="TRUE">Coordinates defining the features.</udom></attrdomv></attr><attr xmlns=""><attrlabl Sync="TRUE">HUC12</attrlabl><attalias Sync="TRUE">HUC12</attalias><attrtype Sync="TRUE">String</attrtype><attwidth Sync="TRUE">12</attwidth><atprecis Sync="TRUE">0</atprecis><attscale Sync="TRUE">0</attscale><attrdef>Unique 12 digit Hydrologic Unit Code for the HUC 12 watershed. Compiled from U.S. Geological Survey (USGS) National Hydrography Dataset (NHD) and U.S. Department of Agricultural (USDA) National Resources Conservation Services (NRCS) Watershed Boundary Dataset (WBD) sources.</attrdef></attr><attr xmlns=""><attrlabl Sync="TRUE">Name</attrlabl><attalias Sync="TRUE">Name</attalias><attrtype Sync="TRUE">String</attrtype><attwidth Sync="TRUE">120</attwidth><atprecis Sync="TRUE">0</atprecis><attscale Sync="TRUE">0</attscale><attrdef>Name of the HUC 12 watershed.</attrdef></attr><attr><attrlabl Sync="TRUE">BioAqRankS</attrlabl><attalias Sync="TRUE">BioAqRankS</attalias><attrtype Sync="TRUE">Integer</attrtype><attwidth Sync="TRUE">10</attwidth><atprecis Sync="TRUE">10</atprecis><attscale Sync="TRUE">0</attscale></attr><attr xmlns=""><attrlabl Sync="TRUE">NtvFish</attrlabl><attalias Sync="TRUE">NtvFish</attalias><attrtype Sync="TRUE">Integer</attrtype><attwidth Sync="TRUE">10</attwidth><atprecis Sync="TRUE">10</atprecis><attscale Sync="TRUE">0</attscale><attrdef>Count of native fish ranges that intersect each HUC 12 watershed. Fish taxa are aggregated to full species level before counting.</attrdef></attr><attr><attrlabl Sync="TRUE">NtvAqRankS</attrlabl><attalias Sync="TRUE">NtvAqRankS</attalias><attrtype Sync="TRUE">Integer</attrtype><attwidth Sync="TRUE">10</attwidth><atprecis Sync="TRUE">10</atprecis><attscale Sync="TRUE">0</attscale></attr><attr xmlns=""><attrlabl Sync="TRUE">NtvAqInvt</attrlabl><attalias Sync="TRUE">NtvAqInvt</attalias><attrtype Sync="TRUE">Integer</attrtype><attwidth Sync="TRUE">10</attwidth><atprecis Sync="TRUE">10</atprecis><attscale Sync="TRUE">0</attscale><attrdef>Count of native aquatic invertebrate taxa that occur within the HUC 12 watershed based on stream survey data.</attrdef></attr><attr><attrlabl Sync="TRUE">RarAqRankS</attrlabl><attalias Sync="TRUE">RarAqRankS</attalias><attrtype Sync="TRUE">Integer</attrtype><attwidth Sync="TRUE">10</attwidth><atprecis Sync="TRUE">10</atprecis><attscale Sync="TRUE">0</attscale></attr><attr xmlns=""><attrlabl Sync="TRUE">NtvAqAmph</attrlabl><attalias Sync="TRUE">NtvAqAmph</attalias><attrtype Sync="TRUE">Integer</attrtype><attwidth Sync="TRUE">10</attwidth><atprecis Sync="TRUE">10</atprecis><attscale Sync="TRUE">0</attscale><attrdef>Count of native aquatic amphibian potential habitat models that intersect the HUC 12 watershed.</attrdef></attr><attr><attrlabl Sync="TRUE">RwiAqRankS</attrlabl><attalias Sync="TRUE">RwiAqRankS</attalias><attrtype Sync="TRUE">Integer</attrtype><attwidth Sync="TRUE">10</attwidth><atprecis Sync="TRUE">10</atprecis><attscale Sync="TRUE">0</attscale></attr><attr xmlns=""><attrlabl Sync="TRUE">NtvAqRept</attrlabl><attalias Sync="TRUE">NtvAqRept</attalias><attrtype Sync="TRUE">Integer</attrtype><attwidth Sync="TRUE">10</attwidth><atprecis Sync="TRUE">10</atprecis><attscale Sync="TRUE">0</attscale><attrdef>Count of native aquatic reptile potential habitat models that intersect the HUC 12 watershed.</attrdef></attr><attr xmlns=""><attrlabl Sync="TRUE">NtvAqSumSW</attrlabl><attalias Sync="TRUE">NtvAqSumSW</attalias><attrtype Sync="TRUE">Double</attrtype><attwidth Sync="TRUE">19</attwidth><atprecis Sync="TRUE">0</atprecis><attscale Sync="TRUE">0</attscale><attrdef>Sum of aggregated statewide normalized values for all native aquatic taxonomic groups for each HUC 12 watershed, scaled from zero to one statewide for ease of interpretation.</attrdef></attr><attr xmlns=""><attrlabl Sync="TRUE">RarFish</attrlabl><attalias Sync="TRUE">RarFish</attalias><attrtype Sync="TRUE">Integer</attrtype><attwidth Sync="TRUE">10</attwidth><atprecis Sync="TRUE">10</atprecis><attscale Sync="TRUE">0</attscale><attrdef>Count of rare fish taxa within the HUC 12 watershed based on documented occurrences. Taxa are defined and aggregated at the taxonomic unit at which they are listed and tracked by the California Natural Diversity Database (CNDDB), which may be by species, subspecies, distinct population segment (DPS), or evolutionarily significant unit (ESU). Taxa are not double counted within the HUC 12 watershed.</attrdef></attr><attr xmlns=""><attrlabl Sync="TRUE">RarAqAmph</attrlabl><attalias Sync="TRUE">RarAqAmph</attalias><attrtype Sync="TRUE">Integer</attrtype><attwidth Sync="TRUE">10</attwidth><atprecis Sync="TRUE">10</atprecis><attscale Sync="TRUE">0</attscale><attrdef>Count of rare aquatic amphibian taxa within the HUC 12 watershed based on documented occurrences. Taxa are defined and aggregated at the taxonomic unit at which they are listed and tracked by the California Natural Diversity Database (CNDDB), which may be by species, subspecies, distinct population segment (DPS), or evolutionarily significant unit (ESU).Taxa are not double counted within the HUC 12 watershed.</attrdef></attr><attr xmlns=""><attrlabl Sync="TRUE">RarAqRept</attrlabl><attalias Sync="TRUE">RarAqRept</attalias><attrtype Sync="TRUE">Integer</attrtype><attwidth Sync="TRUE">10</attwidth><atprecis Sync="TRUE">10</atprecis><attscale Sync="TRUE">0</attscale><attrdef>Count of rare aquatic reptile taxa within the HUC 12 watershed based on documented occurrences. Taxa are defined and aggregated at the taxonomic unit at which they are listed and tracked by the California Natural Diversity Database (CNDDB), which may be by species, subspecies, distinct population segment (DPS), or evolutionarily significant unit (ESU). Taxa are not double counted within the HUC 12 watershed.</attrdef></attr><attr xmlns=""><attrlabl Sync="TRUE">RarAqSumSW</attrlabl><attalias Sync="TRUE">RarAqSumSW</attalias><attrtype Sync="TRUE">Double</attrtype><attwidth Sync="TRUE">19</attwidth><atprecis Sync="TRUE">0</atprecis><attscale Sync="TRUE">0</attscale><attrdef>Sum of aggregated statewide normalized values for all rare aquatic taxa within each HUC 12 watershed. Final sum is scaled from zero to one statewide for ease of interpretation.</attrdef></attr><attr xmlns=""><attrlabl Sync="TRUE">RwiAqMaxSW</attrlabl><attalias Sync="TRUE">RwiAqMaxSW</attalias><attrtype Sync="TRUE">Double</attrtype><attwidth Sync="TRUE">19</attwidth><atprecis Sync="TRUE">0</atprecis><attscale Sync="TRUE">0</attscale><attrdef>Maximum statewide normalized rarity weighted index value for any taxonomic group in each HUC12 watershed.</attrdef></attr><attr xmlns=""><attrlabl Sync="TRUE">BioAqSumSW</attrlabl><attalias Sync="TRUE">BioAqSumSW</attalias><attrtype Sync="TRUE">Double</attrtype><attwidth Sync="TRUE">19</attwidth><atprecis Sync="TRUE">0</atprecis><attscale Sync="TRUE">0</attscale><attrdef>Aggregated total of statewide normalized biodiversity values including native species richness, rare species richness, and rarity weighted index. Final sum is re-normalized to 0-1 statewide for ease of interpretation.</attrdef></attr><attr><attrlabl Sync="TRUE">RwiAqFishS</attrlabl><attalias Sync="TRUE">RwiAqFishS</attalias><attrtype Sync="TRUE">Single</attrtype><attwidth Sync="TRUE">13</attwidth><atprecis Sync="TRUE">0</atprecis><attscale Sync="TRUE">0</attscale></attr><attr><attrlabl Sync="TRUE">RwiAqAmphS</attrlabl><attalias Sync="TRUE">RwiAqAmphS</attalias><attrtype Sync="TRUE">Single</attrtype><attwidth Sync="TRUE">13</attwidth><atprecis Sync="TRUE">0</atprecis><attscale Sync="TRUE">0</attscale></attr><attr><attrlabl Sync="TRUE">RwiAqReptS</attrlabl><attalias Sync="TRUE">RwiAqReptS</attalias><attrtype Sync="TRUE">Single</attrtype><attwidth Sync="TRUE">13</attwidth><atprecis Sync="TRUE">0</atprecis><attscale Sync="TRUE">0</attscale></attr><attr><attrlabl Sync="TRUE">Shape_Leng</attrlabl><attalias Sync="TRUE">Shape_Leng</attalias><attrtype Sync="TRUE">Double</attrtype><attwidth Sync="TRUE">19</attwidth><atprecis Sync="TRUE">0</atprecis><attscale Sync="TRUE">0</attscale></attr><attr xmlns=""><attrlabl Sync="TRUE">Shape_Area</attrlabl><attalias Sync="TRUE">Shape_Area</attalias><attrtype Sync="TRUE">Double</attrtype><attwidth Sync="TRUE">19</attwidth><atprecis Sync="TRUE">0</atprecis><attscale Sync="TRUE">0</attscale><attrdef Sync="TRUE">Area of feature in internal units squared.</attrdef><attrdefs Sync="TRUE">Esri</attrdefs><attrdomv><udom Sync="TRUE">Positive real numbers that are automatically generated.</udom></attrdomv></attr></detailed></eainfo><mdLang><languageCode value="eng" Sync="TRUE"/><countryCode value="USA" Sync="TRUE"/></mdLang><mdHrLv><ScopeCd value="005" Sync="TRUE"/></mdHrLv><mdHrLvName Sync="TRUE">dataset</mdHrLvName><refSysInfo><RefSystem><refSysID><identCode code="3310" Sync="TRUE"/><idCodeSpace Sync="TRUE">EPSG</idCodeSpace><idVersion Sync="TRUE">6.8(9.2.0)</idVersion></refSysID></RefSystem></refSysInfo><spatRepInfo><VectSpatRep><geometObjs Name="ACE_ds2768_aquatic_biodiversity_summary"><geoObjTyp><GeoObjTypCd value="002" Sync="TRUE"></GeoObjTypCd></geoObjTyp><geoObjCnt Sync="TRUE">0</geoObjCnt></geometObjs><topLvl><TopoLevCd value="001" Sync="TRUE"></TopoLevCd></topLvl></VectSpatRep></spatRepInfo><spdoinfo><direct Sync="TRUE">Vector</direct><ptvctinf><esriterm Name="ACE_ds2768_aquatic_biodiversity_summary"><efeatyp Sync="TRUE">Simple</efeatyp><efeageom code="4" Sync="TRUE"></efeageom><esritopo Sync="TRUE">FALSE</esritopo><efeacnt Sync="TRUE">0</efeacnt><spindex Sync="TRUE">FALSE</spindex><linrefer Sync="TRUE">FALSE</linrefer></esriterm></ptvctinf></spdoinfo><mdDateSt Sync="TRUE">20210120</mdDateSt><idinfo><native Sync="TRUE">Microsoft Windows 7 Version 6.1 (Build 7601) Service Pack 1; Esri ArcGIS 10.5.1.7333</native><citation><citeinfo><onlink Sync="TRUE">file://\\geodata.ad.dfg.ca.gov\BIOS\WorkArea\ds2700-2799\ds2768-AquaticBiodiversitySummary_ACE\v3\v3_work\ds2768.gdb</onlink><title Sync="TRUE">ds2768x</title></citeinfo></citation><descript><langdata Sync="TRUE">eng</langdata></descript><natvform Sync="TRUE">File Geodatabase Feature Class</natvform><spdom><bounding><westbc Sync="TRUE">-373987.932700001</westbc><eastbc Sync="TRUE">540082.75</eastbc><northbc Sync="TRUE">450023.161699999</northbc><southbc Sync="TRUE">-604495.7943</southbc></bounding></spdom></idinfo><metainfo><langmeta Sync="TRUE">en</langmeta><metd Sync="TRUE">20180109</metd></metainfo><spref><horizsys><cordsysn><projcsn Sync="TRUE">NAD_1983_California_Teale_Albers</projcsn><geogcsn Sync="TRUE">GCS_North_American_1983</geogcsn></cordsysn><geodetic><horizdn Sync="TRUE">D_North_American_1983</horizdn><ellips Sync="TRUE">GRS_1980</ellips><semiaxis Sync="TRUE">6378137</semiaxis></geodetic></horizsys></spref></metadata>
