<metadata xml:lang="en"><Esri><CreaDate>20140917</CreaDate><CreaTime>17561400</CreaTime><ArcGISFormat>1.0</ArcGISFormat><ArcGISstyle>FGDC CSDGM Metadata</ArcGISstyle><SyncOnce>FALSE</SyncOnce><DataProperties><itemProps><itemLocation><linkage Sync="TRUE">file://\\carogis.tnc.org\gis\Projects\GDE\deliv\Groundwater_dependent_ecosystems_public\Groundwater_dependent_ecosystems_summary.shp</linkage><protocol Sync="TRUE">Local Area Network</protocol></itemLocation><itemName Sync="TRUE">Groundwater_dependent_ecosystems_summary</itemName><imsContentType Sync="TRUE">002</imsContentType><nativeExtBox><westBL Sync="TRUE">-373986.146960</westBL><eastBL Sync="TRUE">513782.794831</eastBL><southBL Sync="TRUE">-604491.212461</southBL><northBL Sync="TRUE">596391.685871</northBL><exTypeCode Sync="TRUE">1</exTypeCode></nativeExtBox><itemSize Sync="TRUE">89.951</itemSize></itemProps><copyHistory><copy source="N:\Projects\GDE\temp\GDE_2" dest="\\carogis.tnc.org\gis\Projects\GDE\deliv\Groundwater_dependent_ecosystems_public\GDE_2" date="20140917" time="17561400"/></copyHistory><coordRef><type Sync="TRUE">Projected</type><geogcsn Sync="TRUE">GCS_North_American_1983</geogcsn><csUnits Sync="TRUE">Linear Unit: Meter (1.000000)</csUnits><projcsn Sync="TRUE">NAD_1983_California_Teale_Albers</projcsn><peXml Sync="TRUE">&lt;ProjectedCoordinateSystem xsi:type='typens:ProjectedCoordinateSystem' xmlns:xsi='http://www.w3.org/2001/XMLSchema-instance' xmlns:xs='http://www.w3.org/2001/XMLSchema' xmlns:typens='http://www.esri.com/schemas/ArcGIS/10.1'&gt;&lt;WKT&gt;PROJCS[&amp;quot;NAD_1983_California_Teale_Albers&amp;quot;,GEOGCS[&amp;quot;GCS_North_American_1983&amp;quot;,DATUM[&amp;quot;D_North_American_1983&amp;quot;,SPHEROID[&amp;quot;GRS_1980&amp;quot;,6378137.0,298.257222101]],PRIMEM[&amp;quot;Greenwich&amp;quot;,0.0],UNIT[&amp;quot;Degree&amp;quot;,0.0174532925199433]],PROJECTION[&amp;quot;Albers&amp;quot;],PARAMETER[&amp;quot;False_Easting&amp;quot;,0.0],PARAMETER[&amp;quot;False_Northing&amp;quot;,-4000000.0],PARAMETER[&amp;quot;Central_Meridian&amp;quot;,-120.0],PARAMETER[&amp;quot;Standard_Parallel_1&amp;quot;,34.0],PARAMETER[&amp;quot;Standard_Parallel_2&amp;quot;,40.5],PARAMETER[&amp;quot;Latitude_Of_Origin&amp;quot;,0.0],UNIT[&amp;quot;Meter&amp;quot;,1.0],AUTHORITY[&amp;quot;EPSG&amp;quot;,3310]]&lt;/WKT&gt;&lt;XOrigin&gt;-16909700&lt;/XOrigin&gt;&lt;YOrigin&gt;-8597000&lt;/YOrigin&gt;&lt;XYScale&gt;266332319.7555542&lt;/XYScale&gt;&lt;ZOrigin&gt;-100000&lt;/ZOrigin&gt;&lt;ZScale&gt;10000&lt;/ZScale&gt;&lt;MOrigin&gt;-100000&lt;/MOrigin&gt;&lt;MScale&gt;10000&lt;/MScale&gt;&lt;XYTolerance&gt;0.001&lt;/XYTolerance&gt;&lt;ZTolerance&gt;0.001&lt;/ZTolerance&gt;&lt;MTolerance&gt;0.001&lt;/MTolerance&gt;&lt;HighPrecision&gt;true&lt;/HighPrecision&gt;&lt;WKID&gt;3310&lt;/WKID&gt;&lt;LatestWKID&gt;3310&lt;/LatestWKID&gt;&lt;/ProjectedCoordinateSystem&gt;</peXml></coordRef></DataProperties><scaleRange><minScale>150000000</minScale><maxScale>5000</maxScale></scaleRange><SyncDate>20140918</SyncDate><SyncTime>15045400</SyncTime><ModDate>20140918</ModDate><ModTime>15130900</ModTime><ArcGISProfile>FGDC</ArcGISProfile></Esri><mdLang><languageCode value="eng"/><countryCode value="USA"/></mdLang><mdChar><CharSetCd value="004"/></mdChar><mdHrLv><ScopeCd value="005"/></mdHrLv><mdContact><editorSource>external</editorSource><editorDigest>0e1e4cbbaff0ecc141904ccdf840e334</editorDigest><rpIndName>Kirk Klausmeyer</rpIndName><rpOrgName>The Nature Conservancy</rpOrgName><rpPosName>Conservation Analyst</rpPosName><role><RoleCd value="005"/></role><rpCntInfo><cntAddress addressType="both"><delPoint>201 Mission St. 4th Floor</delPoint><city>San Francisco</city><adminArea>CA</adminArea><postCode>94105</postCode><eMailAdd>kklausmeyer@tnc.org</eMailAdd><country>US</country></cntAddress><cntPhone><voiceNum>415-281-0434</voiceNum></cntPhone></rpCntInfo><editorSave>True</editorSave><displayName>Kirk Klausmeyer</displayName></mdContact><distInfo><distFormat><formatVer>10.1</formatVer><formatName Sync="TRUE">Shapefile</formatName></distFormat><distTranOps><transSize>0.021</transSize></distTranOps></distInfo><dataIdInfo><dataLang><languageCode value="eng"/><countryCode value="USA"/></dataLang><idCitation><resTitle Sync="FALSE">Groundwater Dependent Ecosystems Summarized at the Watershed Scale</resTitle><presForm><PresFormCd value="005"/></presForm><date><createDate>2010-06-01T00:00:00</createDate><pubDate>2014-03-10T00:00:00</pubDate></date><citRespParty><rpIndName>Kirk Klausmeyer</rpIndName><rpOrgName>The Nature Conservancy</rpOrgName><rpPosName>Conservation Analyst</rpPosName><role><RoleCd value="005"/></role><rpCntInfo><cntAddress addressType="both"><delPoint>201 Mission St. 4th Floor</delPoint><city>San Francisco</city><adminArea>CA</adminArea><postCode>94105</postCode><eMailAdd>kklausmeyer@tnc.org</eMailAdd><country>US</country></cntAddress><cntPhone><voiceNum>415-281-0434</voiceNum></cntPhone></rpCntInfo></citRespParty><citRespParty><rpIndName>Matt Merrifield</rpIndName><rpOrgName>The Nature Conservancy</rpOrgName><rpPosName>Geodesign Lead</rpPosName><role><RoleCd value="006"/></role></citRespParty></idCitation><spatRpType><SpatRepTypCd value="001"/></spatRpType><dataExt><geoEle xmlns=""><GeoBndBox esriExtentType="search"><exTypeCode>1</exTypeCode><westBL Sync="TRUE">-124.591491</westBL><eastBL Sync="TRUE">-113.696571</eastBL><northBL Sync="TRUE">43.390356</northBL><southBL Sync="TRUE">32.437811</southBL></GeoBndBox></geoEle><exDesc>California</exDesc><tempEle><TempExtent><exTemp><TM_Instant><tmPosition>2014-03-10T00:00:00</tmPosition></TM_Instant></exTemp></TempExtent></tempEle></dataExt><idPurp>Most groundwater conservation and management efforts focus on protecting groundwater for drinking water
and for other human uses with little understanding or focus on the ecosystems that depend on groundwater. However, groundwater plays an integral role in sustaining certain types of aquatic, terrestrial and coastal ecosystems, and their associated landscapes. Our aim was to illuminate the connection between groundwater and surface ecosystems by identifying and mapping the distribution of groundwater dependent ecosystems (GDEs) in California.  This layer includes watersheds from the Watershed Boundary Database at the 12-digit hydrologic unit code (HUC12) scale.  Each watershed is attributed with summary information about the groundwater dependent ecosystems that fall within that watershed. </idPurp><idAbs>&lt;DIV STYLE="text-align:Left;"&gt;&lt;DIV&gt;&lt;DIV&gt;&lt;P STYLE="margin:0 0 14 0;"&gt;&lt;SPAN&gt;The methods and data sources used to geneate this layer are described in detail in the following open access peer-reviewed publication: Howard, J. &amp;amp; Merrifield, M. (2010). Mapping Groundwater Dependent Ecosystems in California. &lt;/SPAN&gt;&lt;SPAN STYLE="font-style:italic;"&gt;&lt;SPAN&gt;PLoS One&lt;/SPAN&gt;&lt;/SPAN&gt;&lt;SPAN&gt;, 5, e11249. &lt;/SPAN&gt;&lt;A href="http://dx.plos.org/10.1371/journal.pone.0011249"&gt;&lt;SPAN&gt;&lt;SPAN&gt;http://dx.plos.org/10.1371/journal.pone.0011249&lt;/SPAN&gt;&lt;/SPAN&gt;&lt;/A&gt;&lt;SPAN&gt;. &lt;/SPAN&gt;&lt;/P&gt;&lt;/DIV&gt;&lt;/DIV&gt;&lt;/DIV&gt;</idAbs><idCredit>Howard, J. &amp; Merrifield, M. (2010). Mapping Groundwater Dependent Ecosystems in California. PLoS One, 5, e11249. </idCredit><searchKeys><keyword>groundwater</keyword><keyword>California</keyword><keyword>ecosystems</keyword></searchKeys><resConst><Consts><useLimit>&lt;DIV STYLE="text-align:Left;"&gt;&lt;DIV&gt;&lt;DIV&gt;&lt;P&gt;&lt;SPAN&gt;Please credit to The Nature Conservancy and Howard, J. &amp;amp; Merrifield, M. (2010). Mapping Groundwater Dependent Ecosystems in California. PLoS One, 5, e11249 when using this information.&lt;/SPAN&gt;&lt;/P&gt;&lt;/DIV&gt;&lt;/DIV&gt;&lt;/DIV&gt;</useLimit></Consts></resConst><dataChar><CharSetCd value="004"/></dataChar><idStatus><ProgCd value="001"/></idStatus><resMaint><maintFreq><MaintFreqCd value="011"/></maintFreq></resMaint><idPoC><editorSource>external</editorSource><editorDigest>f2e1c6bdf0d24eae8132bf0a42ee5b3b</editorDigest><rpIndName>Matt Merrifield</rpIndName><rpOrgName>The Nature Conservancy</rpOrgName><rpPosName>Geodesign Lead</rpPosName><role><RoleCd value="006"/></role><editorSave>True</editorSave><displayName>Matt Merrifield</displayName></idPoC><envirDesc Sync="TRUE">Microsoft Windows 7 Version 6.1 (Build 7601) Service Pack 1; Esri ArcGIS 10.1.0.3035</envirDesc></dataIdInfo><spatRepInfo><Georect><axisDimension type="002"/><axisDimension type="001"/></Georect><VectSpatRep><geometObjs Name="Groundwater_dependent_ecosystems_summary"><geoObjTyp><GeoObjTypCd value="002" Sync="TRUE"/></geoObjTyp><geoObjCnt Sync="TRUE">4624</geoObjCnt></geometObjs><topLvl><TopoLevCd value="001" Sync="TRUE"/></topLvl></VectSpatRep></spatRepInfo><refSysInfo><RefSystem><refSysID><identCode code="3310"/><idCodeSpace Sync="TRUE">EPSG</idCodeSpace><idVersion Sync="TRUE">7.9.4</idVersion></refSysID></RefSystem></refSysInfo><contInfo><ImgDesc><covDim><Band><valUnit><UOM type="length"/></valUnit></Band></covDim><trianInd>False</trianInd><radCalDatAv>False</radCalDatAv><camCalInAv>False</camCalInAv><filmDistInAv>False</filmDistInAv><lensDistInAv>False</lensDistInAv></ImgDesc></contInfo><eainfo><detailed Name="Groundwater_dependent_ecosystems_summary" xmlns=""><enttyp><enttypl Sync="TRUE">Groundwater_dependent_ecosystems_summary</enttypl><enttypt Sync="TRUE">Feature Class</enttypt><enttypc Sync="TRUE">4624</enttypc></enttyp><attr xmlns=""><attrlabl Sync="TRUE">FID</attrlabl><attalias Sync="TRUE">FID</attalias><attrtype Sync="TRUE">OID</attrtype><attwidth Sync="TRUE">4</attwidth><atprecis Sync="TRUE">0</atprecis><attscale Sync="TRUE">0</attscale><attrdef Sync="TRUE">Internal feature number.</attrdef><attrdefs Sync="TRUE">Esri</attrdefs><attrdomv><udom Sync="TRUE">Sequential unique whole numbers that are automatically generated.</udom></attrdomv></attr><attr xmlns=""><attrlabl Sync="TRUE">Shape</attrlabl><attalias Sync="TRUE">Shape</attalias><attrtype Sync="TRUE">Geometry</attrtype><attwidth Sync="TRUE">0</attwidth><atprecis Sync="TRUE">0</atprecis><attscale Sync="TRUE">0</attscale><attrdef Sync="TRUE">Feature geometry.</attrdef><attrdefs Sync="TRUE">Esri</attrdefs><attrdomv><udom Sync="TRUE">Coordinates defining the features.</udom></attrdomv></attr><attr xmlns=""><attrlabl Sync="TRUE">HUC_12</attrlabl><attalias Sync="TRUE">HUC_12</attalias><attrtype Sync="TRUE">String</attrtype><attwidth Sync="TRUE">12</attwidth><atprecis Sync="TRUE">0</atprecis><attscale Sync="TRUE">0</attscale><attrdef>12-digit hydrologic unit code (HUC) from the Watershed Boundary Dataset.  The unique ID for the database</attrdef></attr><attr xmlns=""><attrlabl Sync="TRUE">HUC_8</attrlabl><attalias Sync="TRUE">HUC_8</attalias><attrtype Sync="TRUE">String</attrtype><attwidth Sync="TRUE">254</attwidth><atprecis Sync="TRUE">0</atprecis><attscale Sync="TRUE">0</attscale><attrdef>8-digit HUC from the Watershed Boundary Dataset
</attrdef></attr><attr xmlns=""><attrlabl Sync="TRUE">HUC_10</attrlabl><attalias Sync="TRUE">HUC_10</attalias><attrtype Sync="TRUE">String</attrtype><attwidth Sync="TRUE">254</attwidth><atprecis Sync="TRUE">0</atprecis><attscale Sync="TRUE">0</attscale><attrdef>10-digit HUC from the Watershed Boundary Dataset</attrdef></attr><attr xmlns=""><attrlabl Sync="TRUE">HU_10_NAME</attrlabl><attalias Sync="TRUE">HU_10_NAME</attalias><attrtype Sync="TRUE">String</attrtype><attwidth Sync="TRUE">254</attwidth><atprecis Sync="TRUE">0</atprecis><attscale Sync="TRUE">0</attscale><attrdef>Name for the 10-digit HUC watershed</attrdef></attr><attr xmlns=""><attrlabl Sync="TRUE">HU_12_NAME</attrlabl><attalias Sync="TRUE">HU_12_NAME</attalias><attrtype Sync="TRUE">String</attrtype><attwidth Sync="TRUE">254</attwidth><atprecis Sync="TRUE">0</atprecis><attscale Sync="TRUE">0</attscale><attrdef>Name for the 12-digit HUC watershed</attrdef></attr><attr xmlns=""><attrlabl Sync="TRUE">STATES</attrlabl><attalias Sync="TRUE">STATES</attalias><attrtype Sync="TRUE">String</attrtype><attwidth Sync="TRUE">254</attwidth><atprecis Sync="TRUE">0</atprecis><attscale Sync="TRUE">0</attscale><attrdef>The 2-digit abbreviation for the state(s) which fall within the watershed</attrdef></attr><attr xmlns=""><attrlabl Sync="TRUE">HR</attrlabl><attalias Sync="TRUE">HR</attalias><attrtype Sync="TRUE">Double</attrtype><attwidth Sync="TRUE">16</attwidth><atprecis Sync="TRUE">15</atprecis><attscale Sync="TRUE">6</attscale><attrdef>Code of the hydrologic region the watershed falls within</attrdef></attr><attr xmlns=""><attrlabl Sync="TRUE">HRNAME</attrlabl><attalias Sync="TRUE">HRNAME</attalias><attrtype Sync="TRUE">String</attrtype><attwidth Sync="TRUE">254</attwidth><atprecis Sync="TRUE">0</atprecis><attscale Sync="TRUE">0</attscale><attrdef>Name of the hydrologic region the watershed falls within</attrdef></attr><attr xmlns=""><attrlabl Sync="TRUE">Acres</attrlabl><attalias Sync="TRUE">Acres</attalias><attrtype Sync="TRUE">Double</attrtype><attwidth Sync="TRUE">16</attwidth><atprecis Sync="TRUE">15</atprecis><attscale Sync="TRUE">6</attscale><attrdef>Area of the watershed in acres</attrdef></attr><attr xmlns=""><attrlabl Sync="TRUE">KM2</attrlabl><attalias Sync="TRUE">KM2</attalias><attrtype Sync="TRUE">Double</attrtype><attwidth Sync="TRUE">16</attwidth><atprecis Sync="TRUE">15</atprecis><attscale Sync="TRUE">6</attscale><attrdef>Area of the watershed in square kilometers</attrdef></attr><attr xmlns=""><attrlabl Sync="TRUE">Hectares</attrlabl><attalias Sync="TRUE">Hectares</attalias><attrtype Sync="TRUE">Double</attrtype><attwidth Sync="TRUE">16</attwidth><atprecis Sync="TRUE">15</atprecis><attscale Sync="TRUE">6</attscale><attrdef>Area of the watershed in hectares</attrdef></attr><attr xmlns=""><attrlabl Sync="TRUE">Spr_Count</attrlabl><attalias Sync="TRUE">Spr_Count</attalias><attrtype Sync="TRUE">Double</attrtype><attwidth Sync="TRUE">16</attwidth><atprecis Sync="TRUE">15</atprecis><attscale Sync="TRUE">6</attscale><attrdef>The count of springs that fall within the watershed</attrdef></attr><attr xmlns=""><attrlabl Sync="TRUE">Spr_Ha</attrlabl><attalias Sync="TRUE">Spr_Ha</attalias><attrtype Sync="TRUE">Double</attrtype><attwidth Sync="TRUE">16</attwidth><atprecis Sync="TRUE">15</atprecis><attscale Sync="TRUE">6</attscale><attrdef>The density of springs in the watershed (springs per hectare)</attrdef></attr><attr xmlns=""><attrlabl Sync="TRUE">Spr_Score</attrlabl><attalias Sync="TRUE">Spr_Score</attalias><attrtype Sync="TRUE">Double</attrtype><attwidth Sync="TRUE">16</attwidth><atprecis Sync="TRUE">15</atprecis><attscale Sync="TRUE">6</attscale><attrdef>The index score for springs based on the density of springs in the watershed</attrdef></attr><attr xmlns=""><attrlabl Sync="TRUE">GDW_Ha</attrlabl><attalias Sync="TRUE">GDW_Ha</attalias><attrtype Sync="TRUE">Double</attrtype><attwidth Sync="TRUE">16</attwidth><atprecis Sync="TRUE">15</atprecis><attscale Sync="TRUE">6</attscale><attrdef>The area of groundwater  dependent wetlands and vegetation alliances within the watershed in hectares</attrdef></attr><attr xmlns=""><attrlabl Sync="TRUE">GDW_Dnsity</attrlabl><attalias Sync="TRUE">GDW_Dnsity</attalias><attrtype Sync="TRUE">Double</attrtype><attwidth Sync="TRUE">16</attwidth><atprecis Sync="TRUE">15</atprecis><attscale Sync="TRUE">6</attscale><attrdef>The density of groundwater dependent wetlands and vegetation alliances expresses in hectares per watershed hectares</attrdef></attr><attr xmlns=""><attrlabl Sync="TRUE">GDW_Score</attrlabl><attalias Sync="TRUE">GDW_Score</attalias><attrtype Sync="TRUE">Double</attrtype><attwidth Sync="TRUE">16</attwidth><atprecis Sync="TRUE">15</atprecis><attscale Sync="TRUE">6</attscale><attrdef>The index score of groundwater dependent wetlands and vegetation alliances based on their density in the watershed</attrdef></attr><attr xmlns=""><attrlabl Sync="TRUE">BFI_Source</attrlabl><attalias Sync="TRUE">BFI_Source</attalias><attrtype Sync="TRUE">String</attrtype><attwidth Sync="TRUE">254</attwidth><atprecis Sync="TRUE">0</atprecis><attscale Sync="TRUE">0</attscale><attrdef>The source of the baseflow index information</attrdef></attr><attr xmlns=""><attrlabl Sync="TRUE">BFI</attrlabl><attalias Sync="TRUE">BFI</attalias><attrtype Sync="TRUE">Double</attrtype><attwidth Sync="TRUE">16</attwidth><atprecis Sync="TRUE">15</atprecis><attscale Sync="TRUE">6</attscale><attrdef>The raw base-flow index value for the watershed</attrdef></attr><attr xmlns=""><attrlabl Sync="TRUE">BFI_Norm</attrlabl><attalias Sync="TRUE">BFI_Norm</attalias><attrtype Sync="TRUE">Double</attrtype><attwidth Sync="TRUE">16</attwidth><atprecis Sync="TRUE">15</atprecis><attscale Sync="TRUE">6</attscale><attrdef>The normalized base-flow index value for the watershed ranging from 0-1</attrdef></attr><attr xmlns=""><attrlabl Sync="TRUE">BFI_Score</attrlabl><attalias Sync="TRUE">BFI_Score</attalias><attrtype Sync="TRUE">Double</attrtype><attwidth Sync="TRUE">16</attwidth><atprecis Sync="TRUE">15</atprecis><attscale Sync="TRUE">6</attscale><attrdef>The index score for the base-flow index for the watershed</attrdef></attr><attr xmlns=""><attrlabl Sync="TRUE">Indx_Score</attrlabl><attalias Sync="TRUE">Indx_Score</attalias><attrtype Sync="TRUE">Double</attrtype><attwidth Sync="TRUE">16</attwidth><atprecis Sync="TRUE">15</atprecis><attscale Sync="TRUE">6</attscale><attrdef>The combined index score derived from Spr_Score, GDW_Score and BFI_Score</attrdef></attr><attr xmlns=""><attrlabl Sync="TRUE">Indx_Cat</attrlabl><attalias Sync="TRUE">Indx_Cat</attalias><attrtype Sync="TRUE">String</attrtype><attwidth Sync="TRUE">254</attwidth><atprecis Sync="TRUE">0</atprecis><attscale Sync="TRUE">0</attscale><attrdef>A description of the index score for the watershed</attrdef></attr></detailed></eainfo><mdHrLvName Sync="TRUE">dataset</mdHrLvName><spdoinfo><ptvctinf><esriterm Name="Groundwater_dependent_ecosystems_summary"><efeatyp Sync="TRUE">Simple</efeatyp><efeageom code="4" Sync="TRUE"/><esritopo Sync="TRUE">FALSE</esritopo><efeacnt Sync="TRUE">4624</efeacnt><spindex Sync="TRUE">TRUE</spindex><linrefer Sync="TRUE">FALSE</linrefer></esriterm></ptvctinf></spdoinfo><mdDateSt Sync="TRUE">20140918</mdDateSt></metadata>
